0.0,0.0,0.7656847238540649,0.0284159760922193,-0.0024586603976786,0.9808016419410704,0.0143380053341388,0.1098048537969589,-0.0163175109773874,0.2110681384801865,0.062731422483921,-0.1390226334333419,0.0736507922410965,-0.043190062046051,-0.114510990679264,-0.062054768204689,0.4125393331050873,-0.1833553463220596,-0.1528365612030029,0.0780150666832923,-0.0226845927536487,0.0639138147234916,0.3150323331356048,0.7145748138427734,-0.036358792334795,0.5155848264694214,0.0,0.0,0.0,0.3568648397922516,-0.7198245823383331,0.0360521711409091,0.5004674792289734,0.0,0.0,0.0,1.0,0.9967775344848634
-0.0019788742065429,-0.0040219067595899,0.7646890878677368,0.0290457941591739,-0.0035414106678217,0.9806126356124876,0.0157083459198474,0.1137488633394241,-0.0193406790494918,0.2116578966379165,0.0627962946891784,-0.1388722658157348,0.0737714469432831,-0.0486350022256374,-0.1167967393994331,-0.0607993341982364,0.425795167684555,-0.1812789142131805,-0.1529877483844757,0.0754340663552284,-0.020951909944415,0.0661325752735138,0.3147132098674774,0.7173539102077484,-0.0347354337573051,0.5163107514381409,0.0,0.0,0.0,0.3583666980266571,-0.7221924960613251,0.0341242887079715,0.501354992389679,0.0,0.0,0.0,1.0,0.9884495735168456
-0.0029373168945312,-0.0073910714127123,0.763945698738098,0.0311936940997838,-0.0050243609584867,0.9802810549736024,0.0162633322179317,0.1220017150044441,-0.0228406023234128,0.2129234224557876,0.0624093860387802,-0.1383372098207473,0.0739262178540229,-0.0620754323899745,-0.1199654564261436,-0.0582323335111141,0.4575823843479157,-0.1777355223894119,-0.153539091348648,0.0692891329526901,-0.0188137907534837,0.072895735502243,0.3144171237945556,0.7238211035728455,-0.0314401760697364,0.5173688530921936,0.0,0.0,0.0,0.3610365390777588,-0.7261099815368652,0.0304732304066419,0.5024046897888184,0.0,0.0,0.0,1.0,0.9615204930305482
-0.0043815611861646,-0.0109376907348632,0.7639095783233644,0.0345635637640953,-0.0058106267824769,0.979860782623291,0.0150262499228119,0.1337531954050064,-0.0243775695562362,0.2136484086513519,0.0607830137014389,-0.1373352706432342,0.0742168575525283,-0.0802776739001274,-0.1203096285462379,-0.0574359633028507,0.5048447847366333,-0.1715108007192611,-0.1538919955492019,0.0587793588638305,-0.0149416467174887,0.0830770507454872,0.3151885867118835,0.7329269796609879,-0.0274112727493047,0.5191810727119446,0.0,0.0,0.0,0.3655742108821869,-0.7299965023994446,0.0265352949500083,0.5042048096656799,0.0,0.0,0.0,1.0,0.8967605829238892
-0.0064022066071629,-0.0137034654617309,0.7645285725593567,0.0387376621365547,-0.0073897140100598,0.9793704748153688,0.0108685716986656,0.1489940732717514,-0.0227062962949275,0.2138423919677734,0.0596599839627742,-0.1356932818889618,0.074811466038227,-0.1012814342975616,-0.117095910012722,-0.0586945451796054,0.561682939529419,-0.1640126258134842,-0.154366135597229,0.044631902128458,-0.0100071737542748,0.0954490080475807,0.3176676332950592,0.7437953054904938,-0.0227731168270111,0.522344172000885,0.0,0.0,0.0,0.3733047246932983,-0.731599748134613,0.0231689363718032,0.5085292458534241,0.0,0.0,0.0,1.0,0.7757731080055237
-0.0092027662321925,-0.0160528421401977,0.7653862237930298,0.0434510856866836,-0.0111017944291234,0.9783601760864256,0.0034351593349128,0.167183831334114,-0.0188825204968452,0.2140148133039474,0.0608852617442607,-0.133106842637062,0.076077677309513,-0.1232533976435661,-0.1118552908301353,-0.0613437630236148,0.6215507388114929,-0.1564160287380218,-0.1548463851213455,0.025380153208971,-0.0054391026496887,0.1073783189058303,0.320423275232315,0.7545043230056763,-0.0193686373531818,0.5262168049812317,0.0,0.0,0.0,0.3851467967033386,-0.7311533689498901,0.020203897729516,0.5137635469436646,0.0,0.0,0.0,1.0,0.5997373461723328
-0.0135936737060546,-0.0183340068906545,0.7663112282752991,0.0480875559151172,-0.0141930924728512,0.9772762656211852,-0.0061132051050662,0.185103103518486,-0.0113539993762969,0.2135974913835525,0.0615076795220375,-0.1309697777032852,0.07691690325737,-0.1469271779060363,-0.1026877611875534,-0.0677690058946609,0.6753296256065369,-0.1499524116516113,-0.1546853184700012,0.0044764331541955,0.0006522436160594,0.1194237172603607,0.3240217268466949,0.7650873959064484,-0.0169452223926782,0.5304080843925476,0.0,0.0,0.0,0.3992290496826172,-0.7289083302021027,0.0182376708835363,0.5195434093475342,0.0,0.0,0.0,1.0,0.4002626836299896
-0.0174322128295898,-0.0194209348410367,0.7669724822044373,0.0520553141832351,-0.017141219228506,0.9759631156921388,-0.0141418054699897,0.20223169028759,-0.0028261924162507,0.2130237817764282,0.0621120408177375,-0.1298968493938446,0.0781223401427269,-0.174184113740921,-0.0917071998119354,-0.077071376144886,0.7136263847351074,-0.1457591503858566,-0.1539558470249176,-0.0144433984532952,0.0058567635715007,0.1318744122982025,0.3278285562992096,0.7741315960884094,-0.0155936954542994,0.5341688394546509,0.0,0.0,0.0,0.4132957458496094,-0.7255328297615051,0.0169456172734498,0.5266751646995544,0.0,0.0,0.0,1.0,0.2242269217967987
-0.0222841259092092,-0.0198261737823486,0.7671869993209839,0.0549323111772537,-0.0198964495211839,0.974908411502838,-0.0219547655433416,0.2174079418182372,0.004918691702187,0.2124994695186614,0.0627292618155479,-0.1301774829626083,0.0793380588293075,-0.2041650116443634,-0.0816529765725135,-0.0881218761205673,0.7289057970046997,-0.1430844664573669,-0.1533686518669128,-0.0289841592311859,0.0091784037649631,0.1419431418180465,0.3323692083358764,0.7807750105857849,-0.0157023165374994,0.5375878214836121,0.0,0.0,0.0,0.426009327173233,-0.7211235761642456,0.0159810055047273,0.534288763999939,0.0,0.0,0.0,1.0,0.1032394245266914
-0.0271509177982807,-0.0203818567097187,0.7672378420829773,0.0561095550656318,-0.0217763613909482,0.9744584560394288,-0.0266341473907232,0.2281323969364166,0.0082237850874662,0.2128053903579712,0.0626386553049087,-0.1332363933324813,0.0801546871662139,-0.2363336384296417,-0.0734115093946456,-0.1006380021572113,0.7165785431861877,-0.1418264061212539,-0.1518269777297973,-0.0383308418095111,0.0105241918936371,0.1492054164409637,0.3375414311885834,0.7850934565067291,-0.0169944912195205,0.540420651435852,0.0,0.0,0.0,0.436200201511383,-0.7176277190446854,0.0142396669834852,0.5415769219398499,0.0,0.0,0.0,1.0,0.0384794920682907
-0.032124139368534,-0.0209882985800504,0.766568124294281,0.0564735569059848,-0.0221530403941869,0.9748612642288208,-0.0287838857620954,0.2359739542007446,0.0064317928627133,0.2134877145290374,0.0615403279662132,-0.13836769759655,0.0817926153540611,-0.2672927975654602,-0.0673820525407791,-0.1144884154200553,0.6774023175239563,-0.1415607631206512,-0.1500194370746612,-0.0428688116371631,0.0094271590933203,0.1539122760295868,0.3433866500854492,0.7870906293392181,-0.0190247185528278,0.5425786375999451,0.0,0.0,0.0,0.4438159763813018,-0.7153506278991699,0.0125704752281308,0.5479111075401306,0.0,0.0,0.0,1.0,0.0114835333079099
-0.0408571250736713,-0.0214770082384347,0.7658591270446777,0.0580236054956913,-0.0213950406759977,0.9756145477294922,-0.0331320576369762,0.2504071593284607,0.0051598376594483,0.2127432376146316,0.0624504797160625,-0.1455055475234985,0.0831410437822341,-0.2918017506599426,-0.0643422231078147,-0.1283066272735595,0.6165229082107544,-0.1413556635379791,-0.1473335772752761,-0.0460208915174007,0.0086577637121081,0.1563880145549774,0.3502179086208343,0.7863218486309052,-0.0222251694649457,0.5456023216247559,0.0,0.0,0.0,0.4505817592144013,-0.7135176360607147,0.0117908874526619,0.5539536476135254,0.0,0.0,0.0,1.0,0.0027861448470503
-0.0485246665775775,-0.0216447114944458,0.7644394040107726,0.0584511533379554,-0.0190900787711143,0.9766394495964048,-0.0345725454390049,0.2629622519016266,0.0009191278950311,0.2120272517204284,0.0651390850543975,-0.153253361582756,0.0859430506825447,-0.3144656717777252,-0.0617620721459388,-0.1429230868816375,0.5392411351203918,-0.1416807919740677,-0.1444500237703323,-0.0470482148230075,0.0049044475890696,0.1581083536148071,0.3570948541164398,0.7830879390239716,-0.0265976004302501,0.5498165488243103,0.0,0.0,0.0,0.453443706035614,-0.7130420804023743,0.0105652920901775,0.5576741099357605,0.0,0.0,0.0,1.0,0.0010065305978059
-0.0575267784297466,-0.0221596006304025,0.7627329230308533,0.0568040534853935,-0.0169507432729005,0.9777411222457884,-0.0340052768588066,0.273865282535553,-0.0069289505481719,0.2115224301815032,0.0693283081054687,-0.161349207162857,0.0851837545633316,-0.3350575864315033,-0.0629585012793541,-0.1560581028461456,0.4545121192932129,-0.1423473954200744,-0.141201302409172,-0.0460957363247871,-0.001166736590676,0.157458022236824,0.3641382157802582,0.778059333562851,-0.0310201682150363,0.5542751550674438,0.0,0.0,0.0,0.4534134864807129,-0.7142710238695145,0.0085093351081013,0.5586948394775391,0.0,0.0,0.0,1.0,0.0027861448470503
-0.0674928650259971,-0.0226274020969867,0.7610065340995789,0.0545850023627281,-0.015013980679214,0.9784818291664124,-0.0352771803736686,0.2834559381008148,-0.0147049697116017,0.2103641629219055,0.0752440765500068,-0.1692172288894653,0.0859639123082161,-0.3519786596298218,-0.0684825479984283,-0.1685826182365417,0.3711075484752655,-0.1427481025457382,-0.1383544653654098,-0.0444469414651393,-0.0063117565587162,0.1535346359014511,0.3709669113159179,0.7723106443881989,-0.0349101871252059,0.5589625239372253,0.0,0.0,0.0,0.4512050449848175,-0.7165978848934174,0.0075370972044765,0.556763231754303,0.0,0.0,0.0,1.0,0.0114835333079099
-0.078175164759159,-0.0226932521909475,0.7591387033462524,0.0518000535666942,-0.0121839391067624,0.9788609147071838,-0.0363326929509639,0.2918221652507782,-0.018060902133584,0.2058476954698562,0.0819772705435752,-0.1752492785453796,0.0864739045500755,-0.3636302649974823,-0.0752186253666877,-0.180626094341278,0.2975589036941528,-0.142122209072113,-0.1357728540897369,-0.0453767031431198,-0.008361873216927,0.1488280147314071,0.3764781057834626,0.7660247385501862,-0.038781102746725,0.5633009076118469,0.0,0.0,0.0,0.4473269283771515,-0.7200247645378113,0.0067109689116477,0.5544180274009705,0.0,0.0,0.0,1.0,0.0384794920682907
-0.090041734278202,-0.0219177491962909,0.7569432854652405,0.0493273697793483,-0.0098067466169595,0.9789383411407472,-0.0379942096769809,0.3012000620365143,-0.0189398657530546,0.1998773962259293,0.0913051143288612,-0.1788813918828964,0.086758516728878,-0.3683918118476867,-0.0814796313643455,-0.1922825276851654,0.2390488684177398,-0.1401648670434951,-0.1331234276294708,-0.0479159690439701,-0.0095289470627903,0.1447636187076568,0.3798728883266449,0.7592824995517731,-0.0432836711406707,0.5666735768318176,0.0,0.0,0.0,0.4422885775566101,-0.7242733091115952,0.004568160045892,0.551522433757782,0.0,0.0,0.0,1.0,0.1032394245266914
-0.09004173427820206,-0.0219177491962909,0.7569432854652405,0.0356019080601891,0.00705844629191442,0.9929490064284823,-0.11284924949288692,0.3709908723831177,0.0111812483519315,0.1063430681824684,0.3149351179599762,-0.0981128886342048,0.0889964401721954,-0.2505413293838501,-0.0774937644600868,-0.241677850484848,0.0702351331710815,-0.1014228910207748,-0.1067477613687515,-0.1101162061095237,-0.0401589795947074,0.0692874491214752,0.2262710779905319,0.6700178384780884,-0.0595388002693653,0.4999746680259704,0.0,0.0,0.0,0.4507413208484649,-0.7843451499938965,0.038928460329771,0.4644548594951629,0.0,0.0,0.0,0.9615204930305482,0.7757731080055237
-0.11693981460840286,-0.019016041273700476,0.7591544389724731,0.03017872490739637,0.005763250876337132,0.9926328142922017,-0.11720121796570085,0.3596310913562774,0.02787946164608,0.0882856249809265,0.3817982077598572,-0.0776877775788307,0.0882896110415458,-0.2136990278959274,-0.0672263950109481,-0.2472352832555771,0.0636835694313049,-0.0938832834362983,-0.1060770601034164,-0.101457804441452,-0.0400012135505676,0.0582190416753292,0.2678585648536682,0.671833410859108,-0.0538861714303493,0.5206385254859924,0.0,0.0,0.0,0.4536022841930389,-0.7823282480239868,0.0369535945355892,0.4698622822761536,0.0,0.0,0.0,0.8967605829238892,0.8967605829238892
-0.14357832871481802,-0.01586093739218228,0.7634163498878479,0.02770693220018749,0.004151529383842026,0.9923992244950635,-0.11982850217467458,0.3412981033325195,0.0414605550467968,0.0717301145195961,0.4609745740890503,-0.0537480004131794,0.0872150510549545,-0.1723838001489639,-0.0525644235312938,-0.2519027888774872,0.0602959468960762,-0.0883812755346298,-0.1037827357649803,-0.0885023847222328,-0.0396666564047336,0.0516486763954162,0.3029910922050476,0.6837051808834076,-0.0430798269808292,0.5351636409759521,0.0,0.0,0.0,0.4554619193077087,-0.7797208428382874,0.0355491153895854,0.4738216698169708,0.0,0.0,0.0,0.7757731080055237,0.9615204930305482
-0.1705115031691744,-0.011934867803840093,0.7677618861198425,0.028452391286811287,0.003395054037785573,0.9922688846577731,-0.12075344954974065,0.317818135023117,0.0512914136052131,0.056905310600996,0.5512803196907043,-0.0291014015674591,0.0860052704811096,-0.1299591064453125,-0.0348850972950458,-0.2549383044242859,0.0577687509357929,-0.0858955457806587,-0.1014147102832794,-0.0704950466752052,-0.0411662794649601,0.0504012182354927,0.3299074470996856,0.7069330364465714,-0.0246167313307523,0.5421757102012634,0.0,0.0,0.0,0.4544002711772918,-0.778303861618042,0.0353136658668518,0.475322812795639,0.0,0.0,0.0,0.5997373461723328,0.9885164499282836
-0.19665107825563477,-0.008118630640073898,0.7706207633018493,0.03186416751600678,0.004434325070740322,0.9922986022268192,-0.11961812407983914,0.2880834341049194,0.0570770464837551,0.0448327921330928,0.648796558380127,-0.0068367007188498,0.0845575928688049,-0.0866236761212349,-0.0183428730815649,-0.2567227482795715,0.0555715076625347,-0.0844868123531341,-0.0998540446162223,-0.0474966987967491,-0.0455597750842571,0.0521681755781173,0.3488100469112396,0.7311303913593292,-0.005439864937216,0.5436055064201355,0.0,0.0,0.0,0.4485471844673157,-0.7802197635173798,0.0349024683237075,0.4743344187736511,0.0,0.0,0.0,0.4002626836299896,0.997280776500702
-0.22084385331360878,-0.005017648814368489,0.7716979384422302,0.03578742211054926,0.007083703452320808,0.992330838868583,-0.11810413961608392,0.2474666386842727,0.0621065571904182,0.0335000418126583,0.7456181049346923,0.0106496829539537,0.0851847305893898,-0.03814098238945,-0.0059946933761239,-0.2566109597682953,0.0557435117661953,-0.0834781602025032,-0.0983521714806556,-0.0211199261248111,-0.0520742125809192,0.0576088018715381,0.3602171838283539,0.754254013299942,0.012007045559585,0.5405758619308472,0.0,0.0,0.0,0.4369482100009918,-0.7858766913414001,0.0332434512674808,0.4710222482681274,0.0,0.0,0.0,0.2242269217967987,0.9994967579841612
-0.24308787179818636,-0.0023865117937751368,0.7721583843231202,0.039992039139301744,0.010538445999228475,0.9925192911843733,-0.11486964171734505,0.1949504166841506,0.065884880721569,0.0234770905226469,0.8324720263481141,0.0207158476114273,0.0862506330013275,0.0118065029382705,0.0016050724079832,-0.2542172074317932,0.0570446327328681,-0.0824763625860214,-0.0977528393268585,0.0075104222632944,-0.0596322827041149,0.0664676427841186,0.3658585250377655,0.774978518486023,0.0288604460656642,0.5353670716285706,0.0,0.0,0.0,0.4202117025852203,-0.7937730550765991,0.0311239883303642,0.4663172960281372,0.0,0.0,0.0,0.1032394245266914,0.9999330639839172
-0.26397246588297185,-0.00046358057418648124,0.7727548480033873,0.04504141785739204,0.014476794563982796,0.9929705603883835,-0.10849497360950827,0.1315033733844757,0.064627394080162,0.0174682196229696,0.8996749520301819,0.0210911240428686,0.0879395753145217,0.0597085990011692,0.0054234527051448,-0.2498244643211364,0.0575150921940803,-0.0824771076440811,-0.0970775708556175,0.0416908673942089,-0.0672195851802825,0.0778945162892341,0.3682559430599212,0.7911899983882904,0.0460037551820278,0.5299990773200989,0.0,0.0,0.0,0.3985722661018371,-0.8024685680866241,0.0293948929756879,0.4611331820487976,0.0,0.0,0.0,0.0384794920682907,1.0
-0.2839400024395602,0.0009461123701123841,0.7734867930412292,0.050233953410623707,0.019148554764108407,0.9937302480285024,-0.09803099983370814,0.0616237372159957,0.0584685876965522,0.0168136414140462,0.9400984644889832,0.0142971286550164,0.0897372886538505,0.1061513349413871,0.0065841465257108,-0.243821382522583,0.058204036206007,-0.0837083831429481,-0.0954822823405265,0.0785956010222435,-0.073600910604,0.0909980162978172,0.3694829046726227,0.8029273450374603,0.0607250966131687,0.5255728960037231,0.0,0.0,0.0,0.3736164569854736,-0.8095903694629669,0.0287706218659877,0.4561003744602203,0.0,0.0,0.0,0.0114835333079099,1.0
-0.30335143592434854,0.002002521611326885,0.7741690278053284,0.05486363603948498,0.023966745748449533,0.9945356567058975,-0.08552428941140298,-0.0108116781339049,0.0482696779072284,0.0224221479147672,0.948954939842224,0.0028628122527152,0.0918470323085784,0.1529888212680816,0.0069410069845616,-0.2372150421142578,0.0604335479438304,-0.0866503566503524,-0.0946048274636268,0.1154937744140625,-0.077832244336605,0.1039280444383621,0.3698488175868988,0.8096412122249603,0.0711936876177787,0.5222408175468445,0.0,0.0,0.0,0.3462734818458557,-0.813452810049057,0.0301879942417144,0.450855016708374,0.0,0.0,0.0,0.0027192283887416,1.0
-0.32262450318915126,0.002945698522268461,0.7745800614356996,0.05898553275323729,0.027553335636770926,0.995327820918772,-0.07130252117697633,-0.0820231512188911,0.0349431373178958,0.0343042574822902,0.9251773357391356,-0.0110123669728636,0.0941173136234283,0.1979492902755737,0.0075499457307159,-0.2301023006439208,0.0635953471064567,-0.0917428284883499,-0.0936308279633522,0.1503177732229232,-0.079962633550167,0.1158783435821533,0.3706010878086089,0.8103163838386536,0.0788937807083129,0.52065110206604,0.0,0.0,0.0,0.3175772130489349,-0.8137785196304321,0.0341183617711067,0.444968581199646,0.0,0.0,0.0,0.0005032652989029,1.0
-0.3419598424032826,0.00304205392501794,0.7738162279129029,0.06175489402328763,0.02876136734411759,0.995990160478894,-0.05798893896163571,-0.14943428337574,0.0218189172446727,0.0494012348353862,0.8712477087974548,-0.0255300365388393,0.0957429036498069,0.2394411861896515,0.0064854202792048,-0.2208901941776275,0.0660506039857864,-0.0991057455539703,-0.0923012420535087,0.1814694851636886,-0.0804665833711624,0.1252316683530807,0.3721035718917846,0.8081995844841003,0.0839612185955047,0.521885871887207,0.0,0.0,0.0,0.2878757119178772,-0.8116911053657532,0.0398344136774539,0.437161922454834,0.0,0.0,0.0,6.691629096167162e-05,1.0
-0.361263190242078,0.0027176258893557015,0.7724689841270447,0.061983364074568906,0.028940631413159595,0.9967322471729262,-0.04295730295323423,-0.2118855565786361,0.0123529098927974,0.0654663741588592,0.7924206852912903,-0.0399866439402103,0.0961944535374641,0.2740478515625,0.006906870752573,-0.2119488567113876,0.0682245418429374,-0.1084939092397689,-0.0907782018184661,0.2080508917570114,-0.0774880647659301,0.1310094743967056,0.3736022412776947,0.8049539923667908,0.0856490656733512,0.5251897573471069,0.0,0.0,0.0,0.2591807842254638,-0.8061839044094086,0.047235257923603,0.4265241920948028,0.0,0.0,0.0,0.0,1.0
-0.379975544214177,0.0014647223790448943,0.7708756327629089,0.060941054634248516,0.028352915637837445,0.9973392847604986,-0.02822500856184577,-0.2672580778598785,0.0049482593312859,0.0830530822277069,0.6956973671913147,-0.0522573478519916,0.0972514301538467,0.3007245659828186,0.0091885551810264,-0.2038785815238953,0.0716960728168487,-0.1189828366041183,-0.0912103131413459,0.2283184081315994,-0.0712259858846664,0.1319538801908493,0.3755523562431335,0.7983379364013672,0.0833312794566154,0.5283306241035461,0.0,0.0,0.0,0.2355184108018875,-0.7955046892166138,0.0565202385187149,0.418041318655014,0.0,0.0,0.0,6.691629096167162e-05,1.0
-0.39980885986174397,0.00010277128378854972,0.7684914469718933,0.058323716814268595,0.025648070047803742,0.9978516152021017,-0.015253674912912584,-0.3135757446289062,-0.0025219153612852,0.1028978154063224,0.588374674320221,-0.063419371843338,0.0985885262489318,0.3225590586662292,0.012990579009056,-0.1951460242271423,0.0771479830145835,-0.1296689510345458,-0.0911541506648063,0.243944764137268,-0.0646193549036979,0.1285885572433471,0.3787040710449218,0.7884836792945862,0.0775465294718742,0.5320255756378174,0.0,0.0,0.0,0.2177875638008117,-0.780189722776413,0.068966120481491,0.4115461111068725,0.0,0.0,0.0,0.0005032652989029,1.0
-0.42015465758373005,-0.0013316611872196127,0.7655092477798463,0.0547212629219328,0.022340215876957947,0.99824858456987,-0.002502307545273629,-0.3522058129310608,-0.005282221827656,0.1214918047189712,0.4782631397247314,-0.0730302780866622,0.0988561883568763,0.3399851620197296,0.0163725018501281,-0.1859945356845855,0.0862579047679901,-0.1386643648147583,-0.0909378007054328,0.2541428208351135,-0.0584494024515152,0.1224106848239898,0.3822242021560669,0.7751865088939667,0.068477064371109,0.5361810326576233,0.0,0.0,0.0,0.2069709599018097,-0.7626146078109741,0.0823624730110168,0.4074332416057586,0.0,0.0,0.0,0.0027192283887416,1.0
-0.4413210649034076,-0.0029549194632760983,0.7616289258003235,0.050263628992749075,0.01966385738172323,0.9985171631535367,0.007097548954682155,-0.3824070692062377,-0.0019685951992869,0.1371463537216186,0.3724518716335296,-0.0808563828468322,0.0987120047211647,0.3543891608715057,0.0179354231804609,-0.1762174516916275,0.1012324765324592,-0.1444499343633651,-0.0918165668845176,0.2602346837520599,-0.0530503429472446,0.1146464273333549,0.3860355913639068,0.7588434517383575,0.0568042211234569,0.5402632355690002,0.0,0.0,0.0,0.2033745944499969,-0.7427070140838623,0.0943503454327583,0.4062350988388061,0.0,0.0,0.0,0.0114835333079099,0.9999330639839172
-0.4639549023390497,-0.005332347454369488,0.7575594186782837,0.045847138503880024,0.016257463759653815,0.998679047083489,0.016549793942042555,-0.4015200138092041,0.0016576261259615,0.1528446674346923,0.2801557779312134,-0.0871810093522071,0.0993049591779708,0.3647612333297729,0.0160226467996835,-0.1647084653377532,0.1234642341732978,-0.1459141075611114,-0.0917414352297782,0.2631738781929016,-0.0496743097901344,0.1057928800582885,0.3910371363162994,0.739594116806984,0.0428246781229972,0.5449492335319519,0.0,0.0,0.0,0.2067050039768218,-0.7225507646799088,0.1051297262310981,0.408717542886734,0.0,0.0,0.0,0.0384794920682907,0.9994967579841612
-0.4869825555591343,-0.008078387640162984,0.753917396068573,0.04047598713916775,0.01365525132048397,0.9986942118858951,0.028019631012831732,-0.4016432166099548,0.0058273556642234,0.1661653220653534,0.2116148024797439,-0.0900818780064582,0.098491370677948,0.3727360963821411,0.0090595176443457,-0.1509383767843246,0.1561026573181152,-0.1416254937648773,-0.0921848267316818,0.2641234099864959,-0.0488983057439327,0.096272237598896,0.3974806666374206,0.7204187512397766,0.0283912885934114,0.550121009349823,0.0,0.0,0.0,0.2156864404678344,-0.7056952863931656,0.113783523440361,0.4153695106506347,0.0,0.0,0.0,0.1031725108623504,0.997280776500702
-0.5122051717910809,-0.010808042419674091,0.7508657574653625,0.035649083527504184,0.01324478596191202,0.9984278713611512,0.04117650030919199,-0.3842168748378753,0.0085189826786518,0.1771606057882308,0.167795792222023,-0.0883702039718627,0.0979385524988174,0.3795660138130188,-0.0027554859407246,-0.1357331722974777,0.2012287974357604,-0.1316103637218475,-0.0928756892681121,0.2633380889892578,-0.049964852631092,0.0857965573668479,0.4047342240810394,0.7049816697835922,0.0173245780169963,0.5555967092514038,0.0,0.0,0.0,0.2314394265413284,-0.6937224417924881,0.1186787858605384,0.4257572293281555,0.0,0.0,0.0,0.2237236499786376,0.9885164499282836
-0.5387579615633256,-0.01387390822925079,0.7488881945610046,0.031557305550652524,0.014401512299476006,0.997906169146768,0.05458947232473426,-0.3527991473674774,0.0042287670075893,0.1874785423278808,0.1427403092384338,-0.0846210122108459,0.0974706411361694,0.3828952014446258,-0.0199940521270036,-0.1178760156035423,0.2587893903255462,-0.1158497706055641,-0.093300886452198,0.2595086693763733,-0.0528219975531101,0.0749315097928047,0.4108858406543731,0.6956236064434052,0.0100827198475599,0.5613254904747009,0.0,0.0,0.0,0.2525815963745117,-0.688234880566597,0.1202766746282577,0.4376824796199798,0.0,0.0,0.0,0.3975434601306915,0.9615204930305482
-0.5672924299549889,-0.01666335052862511,0.7480096817016602,0.02930314641539491,0.01623832244198103,0.9973508789539041,0.06456676191589077,-0.3135503232479095,-0.0089105376973748,0.1989991217851638,0.1272338479757308,-0.0800047442317009,0.0965952649712562,0.3820007443428039,-0.0417334660887718,-0.0983385890722274,0.329760730266571,-0.0959710702300071,-0.0939115062355995,0.2506482601165771,-0.0580887421965599,0.0632589608430862,0.4136242270469665,0.6943889707326889,0.0060923430137336,0.5674541592597961,0.0,0.0,0.0,0.2772002518177032,-0.6914525628089905,0.1150403246283531,0.4499516785144805,0.0,0.0,0.0,0.5883207321166992,0.8967605829238892
-0.5997966625455697,-0.021301735934827787,0.7509421706199646,0.028683002336714995,0.01794802876174268,0.9971032273775692,0.06811980324219444,-0.2648878097534179,-0.0262361448258161,0.2082254588603973,0.1189051046967506,-0.0759446620941162,0.0959953367710113,0.3758363723754883,-0.061037827283144,-0.0801251679658889,0.4153877794742584,-0.0713136494159698,-0.0943314582109451,0.23500756919384,-0.0600297451019287,0.050371803343296,0.4116647243499756,0.7040075063705444,0.0072482442483305,0.569905161857605,0.0,0.0,0.0,0.3067658543586731,-0.7037559151649475,0.1056220903992652,0.4612623751163482,0.0,0.0,0.0,0.7377968430519104,0.7757731080055237
-0.6311136424935551,-0.027304025904176507,0.7567402720451355,0.0319811443025497,0.020038089309413032,0.9969262310141683,0.06865691008057934,-0.2092167139053344,-0.0446434020996093,0.2151344865560531,0.1134173348546028,-0.0735403522849083,0.09474378824234,0.3609904646873474,-0.0768436044454574,-0.065576359629631,0.5143401622772217,-0.0434259139001369,-0.0950521007180214,0.2131691128015518,-0.0566269345581531,0.0419788174331188,0.400695502758026,0.722531870007515,0.0119939725846052,0.5657356381416321,0.0,0.0,0.0,0.3337331116199493,-0.7235845029354095,0.0916852429509162,0.4707618057727813,0.0,0.0,0.0,0.7962403893470765,0.5997373461723328
-0.6589124342998762,-0.032272076762726046,0.7615987062454224,0.036745892001507706,0.02052049039239505,0.9969110010913255,0.06631066881098652,-0.1497264355421066,-0.0607712343335151,0.2198607176542282,0.1079919263720512,-0.0719161406159401,0.0936145931482315,0.3333637118339538,-0.0886316820979118,-0.0552325583994388,0.6209134459495544,-0.0181228555738925,-0.0960396975278854,0.1851929724216461,-0.0485572926700115,0.0418234951794147,0.3791987001895904,0.7429836988449097,0.0163771156221628,0.5559493899345398,0.0,0.0,0.0,0.3532379865646362,-0.748327225446701,0.0754067003726959,0.4772795140743256,0.0,0.0,0.0,0.7487771511077882,0.4002626836299896
-0.6833544579088799,-0.03622181722258101,0.7647499442100525,0.043037716797622624,0.018089827476871066,0.9970311836537585,0.06123178828590596,-0.0881622806191444,-0.071394458413124,0.2219403684139251,0.102792665362358,-0.0712603628635406,0.0925132408738136,0.2914669513702392,-0.0960394144058227,-0.0498463660478591,0.724448323249817,0.0006674319156445,-0.0981451347470283,0.1536487787961959,-0.0373742021620273,0.0522263497114181,0.3489862978458404,0.7607685029506683,0.0187654737383127,0.5430956482887268,0.0,0.0,0.0,0.364885538816452,-0.7728757262229919,0.0598862655460834,0.4805522561073303,0.0,0.0,0.0,0.6267333030700684,0.2242269217967987
-0.7065483589560551,-0.039735800697534865,0.7669863104820251,0.05051406645809089,0.014028836910775158,0.9971985857356488,0.05335261410297082,-0.0202038772404193,-0.0752049461007118,0.2209877669811248,0.1016055345535278,-0.0701412707567215,0.0914861261844635,0.2340999841690063,-0.0965767279267311,-0.0516007989645004,0.8094806075096129,0.0101279160007834,-0.1008859723806381,0.1162207052111625,-0.0248021613806486,0.0687227100133895,0.3122279644012451,0.7755780816078186,0.0198744144290685,0.5289313793182373,0.0,0.0,0.0,0.371768981218338,-0.7939348220825195,0.0454329960048198,0.4814026653766632,0.0,0.0,0.0,0.50078284740448,0.1032394245266914
-0.7287871804333987,-0.042318351932789294,0.7691971063613892,0.058051030921687535,0.009488164901610346,0.9975113466614216,0.038873716280366205,0.048917718231678,-0.073213055729866,0.217508390545845,0.1034905314445495,-0.0702513754367828,0.0907894000411033,0.1638634353876114,-0.0870265364646911,-0.0624655559659004,0.8638802766799927,0.0088103786110877,-0.1039187386631965,0.073111392557621,-0.0133350938558578,0.0858862176537513,0.2695319056510925,0.7871895730495453,0.0199742764234542,0.5134604573249817,0.0,0.0,0.0,0.3783357143402099,-0.8085501492023468,0.0331023596227169,0.481230229139328,0.0,0.0,0.0,0.4479505717754364,0.0384794920682907
-0.74989838824519,-0.04385741797759335,0.7713013887405396,0.06491152740314633,0.004816199889854717,0.9977177778731763,0.01795921893131788,0.1080743968486785,-0.0675696730613708,0.2130416333675384,0.1041075810790062,-0.0728716403245925,0.0905202105641365,0.0901041850447654,-0.0741453096270561,-0.0776493474841117,0.8839260339736937,0.0005943598225712,-0.1070805117487907,0.0265641640871763,-0.003859672229737,0.1021097525954246,0.2215190380811691,0.7948470115661621,0.0182460099458694,0.4963367283344269,0.0,0.0,0.0,0.3872533738613128,-0.814967930316925,0.02412367798388,0.4819476008415222,0.0,0.0,0.0,0.5034351944923401,0.0114835333079099
-0.7700127181475007,-0.044773177054414484,0.773010551929474,0.07118742550104762,0.000768852177424792,0.9974461332939205,-0.005741993893120776,0.1557177007198333,-0.0597041472792625,0.2081120461225509,0.1028989255428314,-0.0784771367907524,0.0905377641320228,0.0163349639624357,-0.064291775226593,-0.0924380347132683,0.8687705993652344,-0.0118170902132987,-0.1104064509272575,-0.0214586276561021,0.0033381201792508,0.118147887289524,0.1705492287874221,0.8005101084709167,0.0156287234276533,0.4772791564464568,0.0,0.0,0.0,0.3974871039390564,-0.8138317465782166,0.0186285320669412,0.4844747185707092,0.0,0.0,0.0,0.6382167935371399,0.0027192283887416
-0.7888456672055384,-0.04528256376232201,0.7744320631027221,0.07646450588383095,-0.0028116253348100684,0.9966672332866149,-0.028278970909896225,0.1960030198097228,-0.0492858737707138,0.2019012421369553,0.1021065339446067,-0.0871342569589614,0.0915798097848892,-0.0534424185752868,-0.0614801906049251,-0.1034732535481452,0.8218775987625122,-0.026539759710431,-0.1135550960898399,-0.0619626455008983,0.0087263453751802,0.1318296939134597,0.1233454123139381,0.8028132915496826,0.0117945186793804,0.4574608504772186,0.0,0.0,0.0,0.4072102010250091,-0.8066426217556,0.0164660923182964,0.4870427250862121,0.0,0.0,0.0,0.7872565984725952,0.0005032652989029
-0.8086534495568312,-0.04545761238924244,0.7747529745101928,0.08003315175695276,-0.00525160481749825,0.9956567432132511,-0.047273300716909855,0.2327109277248382,-0.0397645086050033,0.1954073309898376,0.1039694026112556,-0.0984075739979744,0.0922828316688537,-0.1165941208600998,-0.0635652020573616,-0.1126223802566528,0.749535083770752,-0.0415845699608325,-0.11612419039011,-0.0919077843427658,0.0103422682732343,0.1412236243486404,0.0838906019926071,0.800495833158493,0.0052977595478296,0.4387460649013519,0.0,0.0,0.0,0.4164124429225921,-0.7959402799606323,0.0168497618287801,0.4889112412929535,0.0,0.0,0.0,0.8994798064231871,6.691629096167162e-05
-0.8287007221151532,-0.04557362329875102,0.7739799618721008,0.08189624604729967,-0.005875104318929632,0.994592821689428,-0.06358936291915307,0.2649081945419311,-0.0332685336470603,0.1891002506017685,0.1098927929997444,-0.1110443025827407,0.0915603712201118,-0.1725412458181381,-0.0687977224588394,-0.1217961087822914,0.6590898036956787,-0.0557232536375522,-0.1179883033037185,-0.1120001077651977,0.0078611792996525,0.1481264531612396,0.0529514551162719,0.793791264295578,-0.0034580142237246,0.4213207066059112,0.0,0.0,0.0,0.423872172832489,-0.7851857244968414,0.0177667569369077,0.4902822971343994,0.0,0.0,0.0,0.9620237946510316,6.691629096167162e-05
-0.8484940825517862,-0.0458050328436696,0.7723332047462464,0.08288060562438215,-0.004789722476401509,0.9935837505565892,-0.07680621328926614,0.291044145822525,-0.0299382023513317,0.1823925375938415,0.1198358461260795,-0.1241169869899749,0.0920178592205047,-0.2204475849866867,-0.074501559138298,-0.1328421384096145,0.5588108897209167,-0.0669359266757965,-0.1188594102859497,-0.1237670555710792,0.0032043210230767,0.152706891298294,0.0315943770110607,0.7834911644458771,-0.013568440452218,0.4048091173171997,0.0,0.0,0.0,0.42964968085289,-0.7756815552711487,0.0182326044887304,0.4919295907020569,0.0,0.0,0.0,0.9885833859443665,0.0005032652989029
-0.8685736888794555,-0.04611090271390625,0.7698116302490233,0.08223062239678067,-0.0028073689467031826,0.9927742595764119,-0.08734708319310074,0.3131541609764099,-0.0286954622715711,0.1750234365463256,0.1356865614652633,-0.1351971179246902,0.0924894139170646,-0.2603732645511627,-0.0791288167238235,-0.1464301496744156,0.4559860825538635,-0.0763051509857177,-0.1187600269913673,-0.1289484351873397,-0.0020162740256637,0.1543179303407669,0.0208580624312162,0.7699023485183716,-0.0251121595501899,0.3906221091747284,0.0,0.0,0.0,0.4335340559482574,-0.7685878872871399,0.0190334934741258,0.4938068985939025,0.0,0.0,0.0,0.997280776500702,0.0027192283887416
-0.8892743941189647,-0.04628731234209539,0.7667884826660157,0.0802608798936414,-0.0004253067251361079,0.9921636857989059,-0.09575610087518266,0.3321565389633178,-0.0282437112182378,0.1669533103704452,0.1582356244325637,-0.1426819860935211,0.0930016040802002,-0.2915230095386505,-0.082194373011589,-0.1610319465398788,0.3577678501605987,-0.0847487971186637,-0.1180341243743896,-0.1293709725141525,-0.0068459878675639,0.1527082026004791,0.0214635208249092,0.7541585564613342,-0.0370358973741531,0.3810487389564514,0.0,0.0,0.0,0.4355115294456481,-0.7644705772399902,0.0187515374273061,0.4951945543289184,0.0,0.0,0.0,0.9994967579841612,0.0114835333079099
-0.9098343640612427,-0.046576489328087514,0.7634291648864746,0.07714859315216713,0.0021647552361983334,0.9916420511351535,-0.10338980041510122,0.3460327684879303,-0.0271980762481689,0.1572079956531524,0.1860538721084594,-0.1482215523719787,0.0934039503335952,-0.3120147287845611,-0.0855419114232063,-0.1753196567296981,0.2708584070205688,-0.0912841632962226,-0.1168457344174385,-0.1272230446338653,-0.0108459116891026,0.1494382470846176,0.0340737551450729,0.7367305308580399,-0.0481518469750881,0.3791357576847077,0.0,0.0,0.0,0.4359986186027526,-0.7636415362358093,0.0160603988915681,0.4957598149776458,0.0,0.0,0.0,0.9998661875724792,0.0384794920682907
-0.9312011829485456,-0.0463187684989524,0.7598335146903992,0.07225906335749328,0.004834412486590286,0.9910857024831429,-0.11182301441162641,0.3554256558418274,-0.0239929649978876,0.145824372768402,0.2190203815698623,-0.1485916376113891,0.0936500579118728,-0.32174813747406,-0.0895876511931419,-0.1883856058120727,0.1996354758739471,-0.0943291708827018,-0.1149060577154159,-0.1240060329437255,-0.0142226619645953,0.1433569639921188,0.0591934733092784,0.7183466106653214,-0.0575286112725734,0.384330540895462,0.0,0.0,0.0,0.436714231967926,-0.763652116060257,0.0130708161741495,0.4959536492824554,0.0,0.0,0.0,0.9994967579841612,0.1032394245266914
-0.9543395449384502,-0.0460100939424702,0.7563321590423584,0.06589440559103753,0.0069962987683478105,0.9905121734300477,-0.12039357708046991,0.360979825258255,-0.0184845812618732,0.133341372013092,0.257663756608963,-0.1436072438955307,0.0936938673257827,-0.3182871341705322,-0.091959424316883,-0.2001185715198516,0.1470015197992324,-0.0941905155777931,-0.1135673746466636,-0.1198987960815429,-0.0185555126518011,0.1345896869897842,0.0953553393483162,0.7015479505062103,-0.0630870461463928,0.3998366892337799,0.0,0.0,0.0,0.438663125038147,-0.7642568647861481,0.0102729015052318,0.4965650737285614,0.0,0.0,0.0,0.997280776500702,0.2242269217967987
-0.9791963249930562,-0.0455616358591515,0.7538264393806458,0.058943500711170674,0.008774240997209271,0.9900292342636516,-0.1276353858542482,0.3632944226264953,-0.0094987619668245,0.1192420944571495,0.3042051196098327,-0.1338949501514434,0.0936440154910087,-0.2990818917751312,-0.0914961099624633,-0.210182785987854,0.1136445701122284,-0.0907610580325126,-0.1123545467853546,-0.1147485449910163,-0.0227833688259124,0.1226642876863479,0.1418706029653549,0.6885734498500824,-0.0636004582047462,0.4250326752662658,0.0,0.0,0.0,0.4422942399978637,-0.7656994163990021,0.0070682014338672,0.4984623491764068,0.0,0.0,0.0,0.9885164499282836,0.4002626836299896
-1.0061947008987862,-0.045014730818437126,0.7520798444747925,0.052190814626760354,0.010090735978586922,0.9895180888344765,-0.1342693106609651,0.3616634011268616,0.0026401614304631,0.1026922985911369,0.3612275421619415,-0.1189678907394409,0.0935710668563842,-0.2665248513221741,-0.0870888158679008,-0.2181857973337173,0.095334306359291,-0.0845047980546951,-0.1105458661913871,-0.1078082248568534,-0.0256612654775381,0.109854370355606,0.1949743181467056,0.6817910820245743,-0.0580193251371383,0.4562982618808746,0.0,0.0,0.0,0.4470208287239074,-0.767346054315567,0.0036053953226655,0.5011905431747437,0.0,0.0,0.0,0.9615204930305482,0.5997373461723328
-1.0341668002227487,-0.04391109228508455,0.7519486546516417,0.04798627961190878,0.009653916735515097,0.9887316010023816,-0.14147063313613492,0.3555083274841308,0.0166574791073799,0.0858182683587074,0.4313122034072876,-0.0979594215750694,0.0930276289582252,-0.2321892380714416,-0.0792215764522552,-0.2252125293016433,0.0833194404840469,-0.0770524218678474,-0.1085809394717216,-0.0972642078995704,-0.0262547302991151,0.1010540276765823,0.2481071650981903,0.683028519153595,-0.04730661585927,0.4898832440376282,0.0,0.0,0.0,0.4503248035907745,-0.7685196399688721,0.0006869531353004,0.5034828186035156,0.0,0.0,0.0,0.8967605829238892,0.7757731080055237
-1.0629078965009582,-0.0423783382807288,0.7548906207084656,0.04584534283269231,0.008551602107035063,0.9881120418583509,-0.14649118532006192,0.3411130309104919,0.0290836784988641,0.0696104764938354,0.5144206881523132,-0.0736574530601501,0.0920110046863556,-0.1934525966644287,-0.0650921836495399,-0.2320553511381149,0.0776585489511489,-0.0704101473093032,-0.1064453721046447,-0.0814317017793655,-0.0252438336610794,0.096376784145832,0.2976089417934418,0.6938330382108688,-0.0312351584434509,0.5213119983673096,0.0,0.0,0.0,0.4500582218170166,-0.7689067423343658,-0.0009634268353693,0.505001962184906,0.0,0.0,0.0,0.7757731080055237,0.8967605829238892
-1.0910812224747348,-0.04034460468596748,0.759728968143463,0.04591777239954306,0.007701661973275644,0.9880652523104739,-0.14683085424171805,0.3160506188869476,0.0376422517001628,0.0554440841078758,0.6080605983734131,-0.0482581406831741,0.0918555557727813,-0.1495849341154098,-0.0487669259309768,-0.2371542453765869,0.0756583586335182,-0.0654870718717575,-0.1043169125914573,-0.0627367496490478,-0.0243522338569164,0.0951481387019157,0.3370262682437897,0.7144009619951248,-0.0112641518935561,0.5432740449905396,0.0,0.0,0.0,0.4446519613265991,-0.7690453231334686,-0.0010657024104148,0.5043834447860718,0.0,0.0,0.0,0.5997373461723328,0.9615204930305482
-1.1174321857430483,-0.0373415841413159,0.7641710638999939,0.04787182787742241,0.008156385700306952,0.9881341239580032,-0.14571449666293315,0.2794801890850067,0.0425974652171134,0.0434305667877197,0.7063930034637451,-0.024661224335432,0.0915432572364807,-0.1030753776431083,-0.0322783887386322,-0.2410390526056289,0.0748355612158775,-0.0618025846779346,-0.1023440584540367,-0.0400346219539642,-0.025712477043271,0.0988823100924491,0.3643864095211029,0.7426929175853729,0.0105240251868963,0.5559952855110168,0.0,0.0,0.0,0.4324904084205627,-0.7709468007087708,-0.0003052342217415,0.4993714690208435,0.0,0.0,0.0,0.4002626836299896,0.9885164499282836
-1.1421087427949363,-0.0349553042849375,0.7674754858016968,0.051422526260719366,0.010496928262665108,0.9881175074030473,-0.14446220908460117,0.2313349395990371,0.0450001657009124,0.0335394069552421,0.7991930246353148,-0.0075568901374936,0.0919272527098655,-0.0544460974633693,-0.0199346132576465,-0.2424280643463134,0.0734948068857193,-0.0593746043741703,-0.1009390279650688,-0.0149842463433742,-0.0300722867250442,0.1069503277540206,0.3804764747619629,0.7716162800788879,0.0314323082566261,0.5600746870040894,0.0,0.0,0.0,0.413977563381195,-0.7770000398159027,-7.229865877889095e-05,0.4906494319438934,0.0,0.0,0.0,0.2242269217967987,0.997280776500702
-1.1644321622400706,-0.03327236799699475,0.7697781920433044,0.055772694101821334,0.013961796965916817,0.9882075752320352,-0.141916394655899,0.170265719294548,0.0465724729001522,0.0247624572366476,0.8732379674911499,-5.588315616478212e-05,0.0931070297956466,-0.0048006973229348,-0.0120290173217654,-0.2414269000291824,0.0731827467679977,-0.0584307760000228,-0.0991976782679557,0.0129602458328008,-0.0359225757420063,0.116854727268219,0.3877153098583221,0.7964958846569061,0.0494921840727329,0.5576198101043701,0.0,0.0,0.0,0.3898561298847198,-0.7865013778209686,3.6047229514224455e-05,0.4790926575660705,0.0,0.0,0.0,0.1032394245266914,0.9994967579841612
-1.1852996513571707,-0.032287743751527695,0.7715829610824586,0.0598787896207053,0.018054001514289614,0.9887200700630627,-0.13609263990890016,0.1009241640567779,0.0446750558912754,0.0199070610105991,0.91918283700943,-0.0006266423733904,0.0946596190333366,0.0435720607638359,-0.0068910787813365,-0.2383331507444381,0.0738485902547836,-0.0589787997305393,-0.0973211377859115,0.043838120996952,-0.041464976966381,0.1264514476060867,0.3888046145439148,0.8151638805866241,0.064669020473957,0.5511327981948853,0.0,0.0,0.0,0.3615440130233764,-0.7971612215042114,0.000680107739754,0.4665199220180511,0.0,0.0,0.0,0.0384794920682907,0.9999330639839172
-1.2055349034523617,-0.03199068366895151,0.7731955647468567,0.0639817252746425,0.021407014124350556,0.98960137695184,-0.12703225303907084,0.0310604684054851,0.0369972474873065,0.0221525840461254,0.9329013228416444,-0.0077098552137613,0.0960990563035011,0.0879544764757156,-0.0018768638838082,-0.233675017952919,0.0752391666173935,-0.0627624988555908,-0.0954678803682327,0.0758209154009819,-0.0447808057069778,0.1345194578170776,0.3859318494796753,0.8269067406654358,0.0775674283504486,0.5423651933670044,0.0,0.0,0.0,0.3311653733253479,-0.8058272302150726,0.0025933540891855,0.4541332125663757,0.0,0.0,0.0,0.0114835333079099,1.0
-1.2245598625825098,-0.031754254896366574,0.7742685079574586,0.06759051457307448,0.023740167888680636,0.990780991889412,-0.11498240247532303,-0.0375378765165805,0.026750948280096,0.0298260524868965,0.9125031232833862,-0.0186368413269519,0.0975542590022087,0.1269625872373581,0.0029616891406476,-0.2276562452316284,0.0756927654147148,-0.0694556981325149,-0.093624897301197,0.1068382114171981,-0.0461583547294139,0.1416047364473343,0.3796557486057281,0.8295229077339172,0.086946465075016,0.5334816575050354,0.0,0.0,0.0,0.2990701198577881,-0.8104498088359833,0.006789181381464,0.4420304000377655,0.0,0.0,0.0,0.0027192283887416,1.0
-1.242459415876956,-0.032113209438196344,0.7750449776649475,0.07001402025599271,0.02483740971386772,0.9919969289057088,-0.10209423631107357,-0.102388821542263,0.0163603909313678,0.0416169911623001,0.8614609837532043,-0.031060179695487,0.0983554869890213,0.1591947078704834,0.0076895235106348,-0.2207200527191162,0.0753605738282203,-0.0805571600794792,-0.0918133705854415,0.133496880531311,-0.0460772477090358,0.1476554423570633,0.3710502088069916,0.824417918920517,0.0917181447148323,0.5255483984947205,0.0,0.0,0.0,0.2669020593166351,-0.8107883334159851,0.013156434521079,0.4302789866924285,0.0,0.0,0.0,0.0005032652989029,1.0
-1.259970908263037,-0.0325762327820477,0.7751948237419128,0.0713370191939511,0.02523341382719038,0.9930666832078894,-0.08996036472596684,-0.1614301949739456,0.0079445866867899,0.0555235706269741,0.7863733172416686,-0.0439509898424148,0.0985057950019836,0.186941385269165,0.0144083080813288,-0.2145595699548721,0.0774017199873924,-0.0938013941049575,-0.0901543274521827,0.1539106220006942,-0.0455183871090412,0.1514333337545395,0.3613665699958802,0.8135710656642914,0.0923475995659828,0.5192376375198364,0.0,0.0,0.0,0.2364228516817093,-0.8061433136463165,0.0218405220657587,0.4189884960651397,0.0,0.0,0.0,6.691629096167162e-05,1.0
-1.2771513513697037,-0.033410275249422985,0.7744591832160949,0.07147339606638685,0.023659251651763413,0.9940233621865863,-0.07905282343655289,-0.2129082828760147,0.0003680951194837,0.0715771540999412,0.6962087750434875,-0.0559362061321735,0.0988810509443283,0.2122980058193206,0.022015256807208,-0.2074821442365646,0.0821046456694602,-0.108899287879467,-0.0888354778289794,0.1671075075864792,-0.0438518896698951,0.1520712673664093,0.3514698445796966,0.8001010715961456,0.0904723480343818,0.5148740410804749,0.0,0.0,0.0,0.2101084291934967,-0.7968856990337372,0.0318861454725265,0.4083718955516815,0.0,0.0,0.0,0.0,1.0
-1.2945402604738578,-0.03474575158615159,0.7731472253799438,0.0705606138274953,0.021577332385668602,0.9948998778593714,-0.06877391612241715,-0.2556377351284027,-0.004592356737703,0.0876700952649116,0.598493754863739,-0.0659682303667068,0.0979013890027999,0.2355348467826843,0.0309357140213251,-0.2003054469823837,0.0905963853001594,-0.124189555644989,-0.0875603631138801,0.1739587634801864,-0.0403748489916324,0.1495768427848816,0.342170387506485,0.7858213186264038,0.0868728086352348,0.5120986104011536,0.0,0.0,0.0,0.1889705210924148,-0.7842998504638672,0.0428557842969894,0.3999241292476654,0.0,0.0,0.0,6.691629096167162e-05,1.0
-1.3114010375956566,-0.03633951720438107,0.7709073424339294,0.06920078605493059,0.01855298510429063,0.9957174195490528,-0.058428232556491926,-0.2898767590522766,-0.0046190698631107,0.1023878157138824,0.4990094900131225,-0.0739900544285774,0.0968010798096657,0.2550913095474243,0.0392257012426853,-0.1925134509801865,0.1031804382801056,-0.1378573626279831,-0.0866022482514381,0.1771707981824875,-0.0369594953954219,0.145998403429985,0.3331911861896515,0.7712431252002716,0.0822360143065452,0.5105923414230347,0.0,0.0,0.0,0.1730138510465622,-0.7689925730228424,0.054737165570259,0.3940575122833252,0.0,0.0,0.0,0.0005032652989029,1.0
-1.3282462964899138,-0.03774019336187234,0.7677956819534301,0.06809093348247504,0.014529659008009862,0.9964942565541753,-0.04638653297173136,-0.3174083828926086,-0.0013890042901039,0.116884283721447,0.403439313173294,-0.0808522477746009,0.0957163274288177,0.2717419266700744,0.0461292676627635,-0.1841442137956619,0.1178106516599655,-0.1520628333091735,-0.0858001857995987,0.1782128661870956,-0.0338623523712158,0.1418731361627578,0.3246840238571167,0.7572872638702393,0.0771241337060928,0.5095723867416382,0.0,0.0,0.0,0.1622225940227508,-0.7520516514778137,0.0662286281585693,0.3912962079048157,0.0,0.0,0.0,0.0027192283887416,1.0
-1.345692610283734,-0.039224929071526304,0.7641701102256775,0.06581281822174037,0.00995496956563167,0.9971864706739997,-0.034477735473664006,-0.338587611913681,0.0059032272547483,0.1293766349554062,0.3165918588638305,-0.0852046310901642,0.0944578945636749,0.2874282002449035,0.0518447384238243,-0.1753101348876953,0.1362452656030655,-0.1633063554763794,-0.0854041799902916,0.1782595515251159,-0.0306803975254297,0.1381032466888427,0.3178640902042389,0.745572105050087,0.0723527148365974,0.5090822577476501,0.0,0.0,0.0,0.1572723686695099,-0.7357130199670792,0.0754516422748565,0.3925235271453857,0.0,0.0,0.0,0.0114835333079099,1.0
-1.3633850814434287,-0.040931082221770984,0.7602656483650209,0.06278254948765685,0.006378537601107687,0.9977275327410368,-0.023610085734378932,-0.353101521730423,0.0156167456880211,0.1410247385501861,0.2423891574144363,-0.0873820632696151,0.0939930230379104,0.3011707067489624,0.0550927184522151,-0.1655199974775314,0.1572273522615432,-0.1717262417078018,-0.0845207795500755,0.1783771812915802,-0.0283190347254276,0.1327132731676101,0.3133722841739654,0.736110121011734,0.0686217173933982,0.5098509192466736,0.0,0.0,0.0,0.1587486863136291,-0.7219170182943344,0.0825829952955246,0.3978438079357147,0.0,0.0,0.0,0.0384794920682907,1.0
-1.3817496033371996,-0.04317086471034856,0.756458282470703,0.058789865646553606,0.004214578328993564,0.9981941864261279,-0.011591169563492943,-0.3564230799674988,0.0264576114714145,0.1518368273973464,0.186599999666214,-0.0870404615998268,0.0928902477025985,0.3136304914951324,0.0552249327301979,-0.1549249291419983,0.1810656040906906,-0.1779202222824096,-0.0837207660079002,0.1792624592781067,-0.026873841881752,0.1245876178145408,0.3120734691619873,0.729177787899971,0.065955102443695,0.5118087530136108,0.0,0.0,0.0,0.1669481098651886,-0.7123159319162369,0.0859853103756904,0.4067269563674926,0.0,0.0,0.0,0.1032394245266914,0.9999330639839172
-1.401613098980661,-0.046089997720804174,0.7531899213790892,0.05431537713077844,0.0025645582854978534,0.9985196141825757,0.00135754949151062,-0.3472321331501007,0.0349643155932426,0.1619045436382293,0.1503096520900726,-0.0832951739430427,0.0920935347676277,0.324908971786499,0.0494299158453941,-0.1427713632583618,0.2080504149198532,-0.1818005889654159,-0.0841161459684372,0.1809161007404327,-0.0257083922624588,0.1149875596165657,0.3147216737270355,0.7254945933818817,0.0639665946364402,0.5148496031761169,0.0,0.0,0.0,0.181224763393402,-0.7083889096975327,0.0857156440615653,0.4189285337924956,0.0,0.0,0.0,0.2242269217967987,0.9994967579841612
-1.4217823311022364,-0.04945240348599855,0.7502647638320923,0.050412313992429195,0.001642413999589004,0.9986160353440758,0.014896812674609933,-0.3299956023693084,0.0373299643397331,0.1722896695137024,0.1282115131616592,-0.0770520195364952,0.0914650186896324,0.3347077071666717,0.0384127832949161,-0.1289915740489959,0.239932432770729,-0.1826096475124359,-0.084095112979412,0.1826311498880386,-0.0251948572695255,0.1035688370466232,0.3208330273628235,0.724515825510025,0.0627992823719978,0.5200579166412354,0.0,0.0,0.0,0.2007529139518737,-0.710162490606308,0.0820751562714576,0.4333273470401764,0.0,0.0,0.0,0.4002626836299896,0.997280776500702
-1.4449231917592849,-0.05424232845443851,0.7477919459342957,0.045097537875788775,0.0016471705390534433,0.9986251837816049,0.026669106170113966,-0.302104502916336,0.0333112478256225,0.1829531341791152,0.1172001808881759,-0.0690280199050903,0.0909354537725448,0.3414730727672577,0.0223577059805393,-0.1136075183749198,0.2783467173576355,-0.1809591650962829,-0.0851081535220146,0.1828122437000274,-0.0253593698143959,0.0875682905316352,0.3307359218597412,0.7246558368206024,0.0630541965365409,0.5266133546829224,0.0,0.0,0.0,0.2260185480117797,-0.7196313887834549,0.0736487731337547,0.4487842619419097,0.0,0.0,0.0,0.5997373461723328,0.9885164499282836
-1.4677839997199287,-0.05896473191595271,0.7469533681869507,0.04086483207710452,0.0024925479462564663,0.9984239011230257,0.03838705993331945,-0.2770447134971618,0.0269690826535224,0.1933993101119995,0.1076860278844833,-0.0604912675917148,0.0905658677220344,0.3429690897464752,0.002786269178614,-0.0973867550492286,0.3247697055339813,-0.1770849674940109,-0.0844844728708267,0.1794255077838897,-0.0255203265696764,0.0708812251687049,0.342256635427475,0.7260264754295349,0.0638759285211563,0.533136248588562,0.0,0.0,0.0,0.2562072277069092,-0.7333440482616425,0.0637009367346763,0.4648922085762024,0.0,0.0,0.0,0.7757731080055237,0.9615204930305482
-1.4922380674193396,-0.06513867651534008,0.7489012479782104,0.03719793114884818,0.004264092152359436,0.9981243843951288,0.048433921090564054,-0.2475739568471908,0.0171438492834568,0.2036201655864715,0.1024705916643142,-0.0535878613591194,0.0905799567699432,0.3408121168613434,-0.0184629261493682,-0.0813839808106422,0.3819723427295685,-0.1684177815914154,-0.08550626039505,0.1701786667108535,-0.0250547621399164,0.0552891865372657,0.3531497716903686,0.7279973328113556,0.0629514306783676,0.5398076772689819,0.0,0.0,0.0,0.2893118858337402,-0.7533521354198456,0.0512649975717067,0.4810255765914917,0.0,0.0,0.0,0.8967605829238892,0.8967605829238892
-1.5155860365917702,-0.07114154742219976,0.7527762055397034,0.036718583765984886,0.006492436417823392,0.9978249216245689,0.05436009253582984,-0.2122267484664916,0.0046125939115881,0.2131520211696624,0.0991169810295105,-0.0484194010496139,0.0911125987768173,0.3319098949432373,-0.0377208143472671,-0.0673474594950676,0.4509923458099364,-0.157989889383316,-0.0857448577880859,0.1550551205873489,-0.0216149240732193,0.045550525188446,0.3593930304050445,0.7315072566270828,0.0607264153659343,0.5451224446296692,0.0,0.0,0.0,0.3208948075771332,-0.776429146528244,0.0366589799523353,0.4957503974437713,0.0,0.0,0.0,0.9615204930305482,0.7757731080055237
-1.5367161317630622,-0.0766675286787098,0.7573439478874207,0.03806658082309566,0.007156475362684404,0.9975566616147459,0.05814144092525946,-0.1718534529209136,-0.006592474412173,0.2207306176424026,0.0958773046731948,-0.0433208234608173,0.0896826609969139,0.3148069381713867,-0.0537848882377147,-0.0565050244331359,0.5296789407730103,-0.1485854685306549,-0.0862154960632324,0.1349785029888153,-0.015032734721899,0.0429095290601253,0.3572702705860138,0.7377102822065353,0.0563073717057704,0.5453039407730103,0.0,0.0,0.0,0.3453157246112823,-0.800504744052887,0.0214945059269666,0.5073015093803406,0.0,0.0,0.0,0.9885164499282836,0.5997373461723328
-1.5556044877364041,-0.08129003271605753,0.7611405253410339,0.04176490161807527,0.004720047681509476,0.9972805892477812,0.06053792573515625,-0.127677246928215,-0.0135580040514469,0.2261971831321716,0.0930737406015396,-0.0393750444054603,0.0892640650272369,0.2885722219944,-0.0670212283730506,-0.0479405634105205,0.611798107624054,-0.1424962431192398,-0.088471308350563,0.1130174696445465,-0.0057883011177182,0.0487657971680164,0.3458532094955444,0.7463879287242889,0.0504547581076622,0.5422818660736084,0.0,0.0,0.0,0.359531968832016,-0.8221301138401031,0.0080818533897399,0.5130757689476013,0.0,0.0,0.0,0.997280776500702,0.4002626836299896
-1.572375374832759,-0.08492973682579762,0.7635298371315001,0.04647137920283234,0.0014691881172419255,0.9969906945272217,0.06203069746013642,-0.0779898390173912,-0.0143250124529004,0.2292037308216094,0.0916903540492057,-0.0348440408706665,0.0888841226696968,0.251851350069046,-0.074553832411766,-0.0451031103730201,0.6865099668502808,-0.1424548774957656,-0.0915740355849266,0.0869173780083656,0.0058521800674498,0.0615649186074733,0.3244758248329162,0.7586353421211243,0.0445322506129741,0.5364567041397095,0.0,0.0,0.0,0.3651096224784851,-0.8384426236152649,-0.0018626580713316,0.5153228640556335,0.0,0.0,0.0,0.9994967579841612,0.2242269217967987
-1.5869225745910673,-0.08762817345306702,0.7652021050453186,0.051599680574820186,-0.0028881176007850753,0.9968104900154084,0.060811008349984,-0.0300082750618457,-0.0111561650410294,0.2296112924814224,0.0908202528953552,-0.0304280091077089,0.0883435308933258,0.2056566923856735,-0.0748148411512374,-0.0487394668161869,0.7425795197486876,-0.1475594341754913,-0.0946929976344108,0.0569335147738456,0.016528308391571,0.0788187459111213,0.2931344509124756,0.7735150754451752,0.0387254245579242,0.529030978679657,0.0,0.0,0.0,0.3637051582336426,-0.8474749326705933,-0.008071138523519,0.515589714050293,0.0,0.0,0.0,0.9999330639839172,0.1032394245266914
-1.5995096672336182,-0.08927978047871168,0.7669636607170106,0.057530761298684764,-0.00724741079403737,0.9967129352335906,0.056577480318732914,0.0078921150416135,-0.0072537106461822,0.2297862470149993,0.087636724114418,-0.0287600234150886,0.0878512412309646,0.1563860177993774,-0.0682862773537635,-0.0583130158483982,0.7734192609786987,-0.1559046953916549,-0.0973953679203987,0.0255069062113761,0.0245184898376464,0.0981712862849235,0.2541127502918243,0.789491206407547,0.0339566990733146,0.5210134983062744,0.0,0.0,0.0,0.3584867119789123,-0.8464882969856262,-0.0085766930133104,0.5144200921058655,0.0,0.0,0.0,1.0,0.0385464057326316
-1.6106078791012914,-0.09012328635214736,0.7686535716056824,0.06286915811590506,-0.011317632097878581,0.9966474592711139,0.05111968397719156,0.0404726825654506,-0.0046176421456038,0.2293923497200012,0.0851204097270965,-0.0289940685033798,0.0868757963180541,0.1063224673271179,-0.0611603185534477,-0.0696741566061973,0.7748103737831116,-0.166276603937149,-0.1005609333515167,-0.0046563046053051,0.0285682938992977,0.1164332628250122,0.2102751731872558,0.8046221137046814,0.0299079604446887,0.5133832693099976,0.0,0.0,0.0,0.3519157767295837,-0.8369413912296295,-0.0033114047255367,0.5118885040283203,0.0,0.0,0.0,1.0,0.0119867986068129
-1.6206828356856164,-0.09064068095521491,0.7702646851539612,0.06691421367824965,-0.01446140538036442,0.9966177556422778,0.04545772652471321,0.0699739083647728,-0.0046641179360449,0.2294476628303528,0.0831789299845695,-0.0318065397441387,0.0861609131097793,0.0582693889737129,-0.0546345300972461,-0.0792258530855178,0.7463853359222413,-0.1776443272829055,-0.1027358248829841,-0.0299660842865705,0.0275260563939809,0.1309017241001129,0.1641759127378463,0.8164561986923218,0.0257466863840818,0.5053890347480774,0.0,0.0,0.0,0.3447664976119995,-0.8216200470924377,0.0064257145859301,0.5082796216011047,0.0,0.0,0.0,1.0,0.0054384567774832
-1.6302968765548969,-0.09082452609096295,0.771629273891449,0.07013810965243718,-0.014958744257480242,0.9965846830301187,0.04093716031162852,0.0954305529594421,-0.0063846027478575,0.2283859848976135,0.0812069922685623,-0.0382073521614074,0.0851584672927856,0.0171404257416725,-0.0488876327872276,-0.087535835802555,0.6925967335700989,-0.1891186982393264,-0.1042699143290519,-0.0492647662758827,0.0235570091754198,0.1405617445707321,0.118687480688095,0.8249634504318237,0.0203856881707906,0.4961897432804107,0.0,0.0,0.0,0.3375453352928161,-0.8034223914146423,0.0191989354789257,0.5034601092338562,0.0,0.0,0.0,1.0,0.0119867986068129
-1.638957344698975,-0.09071505126200732,0.7722650170326232,0.07227448143178349,-0.014011126998237693,0.9966528035412353,0.035542606086243406,0.1151927933096885,-0.0110064763575792,0.2273313850164413,0.0788946822285652,-0.045690294355154,0.0840010121464729,-0.0134397484362125,-0.0477047339081764,-0.0926266908645629,0.62147057056427,-0.1990123987197876,-0.1044724211096763,-0.0628278031945228,0.0163296051323413,0.145077422261238,0.0758115500211715,0.8270320296287537,0.0149238687008619,0.4851065874099731,0.0,0.0,0.0,0.3320136368274688,-0.7843675911426544,0.033904418349266,0.4983007311820984,0.0,0.0,0.0,1.0,0.0385464057326316
-1.6470171530472133,-0.09061717565460878,0.7724566459655762,0.07303369207384625,-0.0114776347650443,0.9968524852627418,0.028626322637706657,0.1316165924072265,-0.0176841225475072,0.226072072982788,0.0769786387681961,-0.0542127601802349,0.0826576799154281,-0.0314905121922493,-0.0497384220361709,-0.0961164310574531,0.5428755283355713,-0.2055912166833877,-0.1049429699778556,-0.0710468366742134,0.0065529877319931,0.1442181915044784,0.0370813608169555,0.8213209211826324,0.0049186204560101,0.4722346663475036,0.0,0.0,0.0,0.3285703659057617,-0.7658605873584747,0.0502220168709754,0.4930322766304016,0.0,0.0,0.0,1.0,0.1032394245266914
-1.6547375182811275,-0.09003791752867571,0.7723501920700073,0.07277995533977871,-0.007601309738677455,0.9970944605114377,0.021164475150628168,0.1441777199506759,-0.0251844711601734,0.2243874669075012,0.0758005082607269,-0.0632224231958389,0.0811872780323028,-0.0335923880338668,-0.05117804184556,-0.1005564928054809,0.467027336359024,-0.2082946747541427,-0.1043831706047058,-0.0738881081342697,-0.0049159941263496,0.138688638806343,0.0049224100075662,0.8093425333499908,-0.0064504351466894,0.4581789970397948,0.0,0.0,0.0,0.3272249400615692,-0.7502337098121643,0.066825196146965,0.4876613318920135,0.0,0.0,0.0,1.0,0.2242269217967987
-1.6623295986811055,-0.08896329968023453,0.7718166112899781,0.07238535980476574,-0.00432897748284281,0.9972886897879321,0.012525528370397963,0.1533110737800598,-0.0313327573239803,0.2222533226013183,0.0757592841982841,-0.0718587040901184,0.0796481817960739,-0.0201705079525709,-0.0523595921695232,-0.1062702536582946,0.4012169539928436,-0.2062799930572509,-0.1033222451806068,-0.0718764141201973,-0.0152350049465894,0.130443274974823,-0.0199284739792346,0.7912574410438538,-0.0207886528223752,0.4433080554008484,0.0,0.0,0.0,0.3262769281864166,-0.7378553450107574,0.0834582224488258,0.4819893538951874,0.0,0.0,0.0,1.0,0.4002626836299896
-1.6684153214863515,-0.08801594440015997,0.7709928750991821,0.07114119384529372,-0.0022891697906717075,0.9974469274991317,0.0057720934224741345,0.1558771431446075,-0.0337414816021919,0.2191746830940246,0.0746677294373512,-0.0803898870944976,0.0781066939234733,0.0063711493276059,-0.053592100739479,-0.113761804997921,0.3479690253734588,-0.200987234711647,-0.1022903397679328,-0.064066082239151,-0.0215312764048576,0.1208392679691314,-0.0355435088276863,0.7676648199558258,-0.0358166098594665,0.4288980960845947,0.0,0.0,0.0,0.3235327303409576,-0.7282721847295761,0.0997380465269088,0.4760524332523345,0.0,0.0,0.0,1.0,0.5997373461723328
-1.6732190039293606,-0.08651392868326459,0.7724677324295043,0.06898240194635562,-0.00232786295476443,0.9976149181909382,0.0006959013314632445,0.1539669930934906,-0.0312982685863971,0.215221107006073,0.0736496821045875,-0.0885058864951133,0.0761543661355972,0.0342533849179744,-0.0526628457009792,-0.123131662607193,0.3008752763271332,-0.1953937262296677,-0.1013192236423492,-0.0492219366133213,-0.0233678184449672,0.1097531169652938,-0.0388805158436298,0.7401311844587326,-0.0545219108462333,0.4168226718902588,0.0,0.0,0.0,0.317859798669815,-0.7233459949493408,0.1121018305420875,0.4692857563495636,0.0,0.0,0.0,1.0,0.7757731080055237
-1.6782674943279463,-0.0854044307947096,0.7749273777008057,0.06489090587912993,-0.0035647016634590555,0.997882314370994,-0.0027110702361741214,0.1492766737937927,-0.0268583465367555,0.2111655324697494,0.0735143050551414,-0.0955322235822677,0.0755801722407341,0.0598890110850334,-0.050893098115921,-0.1329360008239746,0.2587511539459228,-0.1895035803318023,-0.0996152907609939,-0.0288352835923433,-0.0230480730533599,0.0969239994883537,-0.028697395697236,0.7129942327737808,-0.0730174332857132,0.408334881067276,0.0,0.0,0.0,0.3100937902927398,-0.7220101952552795,0.1209170073270797,0.4612764716148376,0.0,0.0,0.0,1.0,0.8967605829238892
-1.6815123810663672,-0.08469524537809278,0.7767793536186218,0.060753501308970885,-0.004096868525721176,0.9981327562258725,-0.004819615744714014,0.1438295990228652,-0.0229440815746784,0.2072785198688507,0.0747695043683052,-0.101853884756565,0.0745035260915756,0.0791798532009124,-0.0499174036085605,-0.1424116492271423,0.221698835492134,-0.1849127113819122,-0.0980405136942863,-0.0063132774084806,-0.0236607696861028,0.0852974653244018,-0.0084822513163089,0.6873838007450104,-0.090660460293293,0.4032810628414153,0.0,0.0,0.0,0.2989588677883148,-0.7241125404834747,0.1275681853294372,0.4523441195487976,0.0,0.0,0.0,1.0,0.9615204930305482
-1.6834739346795906,-0.08254055120824945,0.7764160633087158,0.0581877588501252,-0.0034264792493731407,0.9982701079404016,-0.0076964636432807,0.1398107707500457,-0.0203112810850143,0.203717902302742,0.0774831473827362,-0.107919730246067,0.0729092136025428,0.0940762311220169,-0.0488618910312652,-0.1518182605504989,0.1916798651218414,-0.179349660873413,-0.0970507636666298,0.0157206151634454,-0.0263097621500492,0.0793368071317672,0.0200218614190816,0.665670707821846,-0.107012927532196,0.4030424356460571,0.0,0.0,0.0,0.2855908572673797,-0.7285716682672501,0.1325272172689438,0.4429247975349426,0.0,0.0,0.0,1.0,0.9885164499282836
-1.6853772080196585,-0.08099465951850467,0.7755134105682373,0.057302249308533004,-0.002131511305004855,0.9983181391331973,-0.008532406540330445,0.1379757076501846,-0.0193431582301855,0.2008906453847885,0.080826997756958,-0.1136447340250015,0.0716532766819,0.1063432097434997,-0.0488862805068492,-0.1606892496347427,0.1688190698623657,-0.1747984737157821,-0.0962980240583419,0.035277109593153,-0.029531043022871,0.0787223577499389,0.0553490184247493,0.6503563523292542,-0.1172473579645156,0.4089411199092865,0.0,0.0,0.0,0.2711328566074371,-0.7343733757734299,0.1356518566608428,0.4331918656826019,0.0,0.0,0.0,1.0,0.997280776500702
-1.686861756092498,-0.07914291828665582,0.7742192149162292,0.056710998265013024,-0.0018177460328838357,0.9983391585034104,-0.009974120204205843,0.1369852423667907,-0.019413486123085,0.1986018419265747,0.0836514011025428,-0.1161057651042938,0.0709499269723892,0.115888811647892,-0.049333170056343,-0.1692101508378982,0.1503610908985138,-0.1706061363220214,-0.0943234339356422,0.0499662794172763,-0.032458983361721,0.0805776342749595,0.0945263057947158,0.6434432864189148,-0.1220246851444244,0.421830803155899,0.0,0.0,0.0,0.2596056461334228,-0.7401144355535507,0.1358932256698608,0.4257861375808716,0.0,0.0,0.0,1.0,0.9994967579841612
-1.6871850446579433,-0.07819523379214521,0.7738050818443297,0.055416820900068706,-0.0013141848415196163,0.9983508372856691,-0.014928314390298581,0.1350501328706741,-0.0196611080318689,0.1977721750736236,0.0842789560556411,-0.1193452477455139,0.0700843036174774,0.120903231203556,-0.0497584789991378,-0.1758334934711456,0.1348271816968917,-0.167559877038002,-0.0941554978489875,0.0610681325197219,-0.0338294506072998,0.082768976688385,0.1351261883974075,0.6445775628089905,-0.1199750378727912,0.439671903848648,0.0,0.0,0.0,0.2502207159996032,-0.7458671182394028,0.133573368191719,0.4187970757484436,0.0,0.0,0.0,1.0,0.9999330639839172
-1.688222657501192,-0.07699961113256236,0.7740182280540465,0.05324688082756604,-0.00031197597222202644,0.9984173541779141,-0.018095834589800616,0.1316730827093124,-0.0187539383769035,0.1944792568683624,0.0823041051626205,-0.1225522831082344,0.0688497498631477,0.1239025667309761,-0.048491932451725,-0.1857357919216156,0.1224096119403839,-0.1651844233274459,-0.0936125814914703,0.0673968270421028,-0.0340069904923439,0.0838830545544624,0.175085961818695,0.6540390700101852,-0.1102934032678604,0.4621035158634186,0.0,0.0,0.0,0.2443967014551162,-0.7535765767097473,0.1294891983270645,0.4125653505325317,0.0,0.0,0.0,1.0,1.0
-1.6873424877832244,-0.07588815794834454,0.774340569972992,0.05079807608031651,-0.00015285070713191103,0.9983843636298098,-0.025459665408241777,0.1262766867876052,-0.0179604850709438,0.1933989226818084,0.0800201743841171,-0.1250585168600082,0.0680953487753868,0.1252504289150238,-0.047355767339468,-0.1935642957687378,0.1101176589727401,-0.1631513237953186,-0.0931615605950355,0.0698331668972969,-0.0335286110639572,0.0847195833921432,0.2088816165924072,0.6711322665214539,-0.0934425890445709,0.4858368635177612,0.0,0.0,0.0,0.2441496104001999,-0.7631531357765198,0.1232389286160469,0.4087417423725128,0.0,0.0,0.0,1.0,1.0
-1.6872197110378175,-0.07507210224687176,0.774088978767395,0.04862010126939673,5.0134704971861884e-05,0.9983133859168508,-0.03172485994134806,0.1220824643969535,-0.0173406079411506,0.1926126629114151,0.0776681080460548,-0.1264979541301727,0.0674355402588844,0.1265126764774322,-0.0459484048187732,-0.2008678317070007,0.0997798591852188,-0.1617927253246307,-0.0928281098604202,0.0705236569046974,-0.0323009267449379,0.0846576169133186,0.2371196746826172,0.6952322572469711,-0.0702345594763755,0.5060626864433289,0.0,0.0,0.0,0.2479599416255951,-0.7727048695087433,0.115653246641159,0.4076375067234039,0.0,0.0,0.0,1.0,1.0
-1.687670455470734,-0.07362926776804535,0.7740760445594788,0.04708981567556159,0.0006026805418342766,0.9982717125378341,-0.03515357709517501,0.1204727888107299,-0.0166167747229337,0.1919142603874206,0.0749468132853508,-0.1278293877840042,0.0668866485357284,0.1286893784999847,-0.0449053533375263,-0.2073920667171478,0.0913892611861228,-0.1605055928230285,-0.0925846919417381,0.0739479288458824,-0.0316034667193889,0.0831428468227386,0.2625580728054046,0.7253102958202362,-0.0437554344534873,0.5221807956695557,0.0,0.0,0.0,0.2551204860210418,-0.7813517153263092,0.1077347472310066,0.408717542886734,0.0,0.0,0.0,1.0,1.0
-1.687452309070484,-0.0732183757268799,0.774130642414093,0.04612917051448638,0.0008336932263189685,0.9982437355418148,-0.03715977710876948,0.1195423305034637,-0.0159273706376552,0.1915777623653412,0.0713223293423652,-0.1290028393268585,0.0664161592721939,0.1300906836986541,-0.0444412231445312,-0.2131936848163604,0.0843496471643447,-0.1598455607891082,-0.0924145504832267,0.0801923647522926,-0.0304889753460884,0.0826356112957,0.2862076163291931,0.755639910697937,-0.0176442004740238,0.5337693691253662,0.0,0.0,0.0,0.2650654911994934,-0.7893499433994293,0.0998294353485107,0.4118037819862366,0.0,0.0,0.0,1.0,1.0
-1.6871708322898724,-0.07241706298930219,0.7742666602134705,0.04521475149957589,0.0013362749007314592,0.9982270979605777,-0.03868464182882561,0.1187142431735992,-0.0146288443356752,0.1909768432378769,0.0674995332956314,-0.1300971060991287,0.0659221112728118,0.1302927136421203,-0.0432480871677398,-0.2188235819339752,0.0784276276826858,-0.1599068790674209,-0.0921045243740081,0.0895421877503395,-0.0293291136622428,0.0828127339482307,0.3093542158603668,0.7839605808258057,0.0060869427397847,0.5413347482681274,0.0,0.0,0.0,0.2774946987628937,-0.7961786985397339,0.0925009995698928,0.4165276288986206,0.0,0.0,0.0,1.0,1.0
-1.6861230981150974,-0.0710479677012175,0.7739249467849731,0.044419038676455316,0.0018687850317542526,0.9982333499728758,-0.03941618509565241,0.1166435033082962,-0.0137336673215031,0.1904116570949554,0.0639557614922523,-0.1309075951576233,0.0655868276953697,0.1294271945953369,-0.0418214313685894,-0.2242096811532974,0.0737213194370269,-0.1598242223262787,-0.0922293961048126,0.0995161235332489,-0.028393268585205,0.0844035968184471,0.3307471871376037,0.8087411820888519,0.0260932445526123,0.5460425615310669,0.0,0.0,0.0,0.2929657399654388,-0.8012924492359161,0.0865042209625244,0.4225465655326843,0.0,0.0,0.0,1.0,1.0
-1.6852632076144431,-0.07020325418879478,0.7738967537879944,0.044048395632904115,0.0021327521020131513,0.9981783540546085,-0.04117236582309833,0.1150736883282661,-0.0136555153876543,0.1903288811445236,0.061266541481018,-0.1314226686954498,0.0647799521684646,0.1291278898715973,-0.041538905352354,-0.2290249466896057,0.0703868642449379,-0.16012904047966,-0.0922335460782051,0.1070036366581916,-0.0271286591887474,0.0865879580378532,0.3489824533462524,0.8290378153324127,0.0425662063062191,0.5488786101341248,0.0,0.0,0.0,0.3120609819889068,-0.8052253127098083,0.0815157890319824,0.4296597242355346,0.0,0.0,0.0,1.0,1.0
-1.6839306152416718,-0.06961454841978161,0.7739970684051514,0.04418045800354287,0.0022296758743035427,0.9980398545081018,-0.04426696837981719,0.1137132570147514,-0.0138794751837849,0.1900955289602279,0.0592755116522312,-0.1313442885875702,0.064731940627098,0.1293630897998809,-0.0422827377915382,-0.233136773109436,0.0678904429078102,-0.1606385409832,-0.0926455035805702,0.1115180179476738,-0.0259629487991333,0.0887631624937057,0.3638463318347931,0.8445102870464325,0.0564735047519207,0.5499470829963684,0.0,0.0,0.0,0.3338879346847534,-0.8067688047885895,0.0777437463402748,0.4369549453258514,0.0,0.0,0.0,1.0,1.0
-1.683506672384847,-0.06918112272237828,0.7736172080039978,0.044535230864024604,0.0024833974732372025,0.9978809475037504,-0.04737151631408221,0.1138826012611389,-0.0140075013041496,0.1897048205137252,0.0580163598060607,-0.1312970072031021,0.0642071738839149,0.1305776983499526,-0.0433892495930194,-0.236894816160202,0.0663539469242096,-0.1611679196357727,-0.0930280983448028,0.1125972345471382,-0.0250886417925357,0.0904796048998832,0.375770628452301,0.8543302714824677,0.0671119317412376,0.5502105355262756,0.0,0.0,0.0,0.3578310310840606,-0.8058181703090668,0.0759465396404266,0.4441719353199004,0.0,0.0,0.0,1.0,1.0
-1.6827619102993336,-0.0688660923853039,0.7736601829528809,0.04462643074614515,0.002703839946246117,0.9976650726300527,-0.051629195059350624,0.1140392124652862,-0.0140393450856208,0.1891213357448577,0.0567515231668949,-0.1308173686265945,0.0640060305595398,0.1328422874212265,-0.0447574071586132,-0.2403307110071182,0.0660164728760719,-0.1615418642759323,-0.0933880060911178,0.1107892990112304,-0.0245924517512321,0.0927197635173797,0.3852655589580536,0.8577119708061218,0.074370376765728,0.550926923751831,0.0,0.0,0.0,0.3826745450496673,-0.803187757730484,0.0760033130645752,0.451718121767044,0.0,0.0,0.0,1.0,1.0
-1.6826467298138492,-0.06913814039320847,0.7736513018608093,0.04523125356457917,0.0033077985412746226,0.9973646925837252,-0.05662916348630588,0.1160484701395034,-0.014306160621345,0.1884256154298782,0.0560392886400222,-0.130893275141716,0.0634398758411407,0.1353179514408111,-0.0464784651994705,-0.2434077858924865,0.0660335496068,-0.1620431840419769,-0.0939080044627189,0.1073730736970901,-0.0241289585828781,0.0947808250784874,0.3926050066947937,0.854860246181488,0.0781997665762901,0.5508639216423035,0.0,0.0,0.0,0.4074520468711853,-0.798957347869873,0.0774750486016273,0.4589408338069916,0.0,0.0,0.0,1.0,1.0
-1.6830480272927442,-0.07008454864544164,0.7738848328590394,0.04659474161146993,0.0035482821213394817,0.9970457003423182,-0.06096073471542196,0.1188346892595291,-0.0160998944193124,0.1882336139678955,0.0559040680527687,-0.1304580271244049,0.0629913434386253,0.1385050415992736,-0.0486656762659549,-0.2458584755659103,0.0665569081902504,-0.1624011248350143,-0.0944330766797065,0.1018527299165725,-0.0244439784437418,0.0951014012098312,0.3973353803157806,0.8460537195205688,0.0781768932938575,0.5502538681030273,0.0,0.0,0.0,0.4309268295764923,-0.7932691872119904,0.0796981081366539,0.4659619927406311,0.0,0.0,0.0,1.0,1.0
-1.682564493778689,-0.07011649360082434,0.7735934853553771,0.04750396177677505,0.004221050359355483,0.9968007845956588,-0.06413853895166041,0.12166578322649,-0.0178747717291116,0.1878481954336166,0.0570553541183471,-0.1302641034126281,0.0626154392957687,0.141342431306839,-0.050546009093523,-0.248259887099266,0.0664491951465606,-0.1634853184223175,-0.0948521122336387,0.0967976376414299,-0.0252361372113227,0.0950477495789527,0.3999076485633849,0.8309054970741272,0.0744125247001648,0.5489856004714966,0.0,0.0,0.0,0.4510027170181274,-0.7863510549068451,0.0817147940397262,0.4723091423511504,0.0,0.0,0.0,1.0,1.0
-1.6828086474835369,-0.07060732777171266,0.7734538912773133,0.04824027399356783,0.005189218877553217,0.9966105812304314,-0.06643265275456123,0.1242869049310684,-0.0198014788329601,0.1873925179243087,0.0575768388807773,-0.1299929469823837,0.0620542280375957,0.1436323374509811,-0.0522028282284736,-0.2510562539100647,0.0667132288217544,-0.1642372906208038,-0.094751127064228,0.092311754822731,-0.0258355475962162,0.0955799967050552,0.4001575112342834,0.8110815286636353,0.0680970102548599,0.546015202999115,0.0,0.0,0.0,0.4664184153079986,-0.7795968651771545,0.0835824906826019,0.4769710302352906,0.0,0.0,0.0,1.0,1.0
-1.6828853134959896,-0.07137856002708308,0.7733669281005859,0.04900504561033684,0.006239569918254154,0.9964837293387091,-0.06767385340870095,0.1264975816011428,-0.0216322448104619,0.187220811843872,0.0574268661439418,-0.1292438358068466,0.0618819072842597,0.1455601155757904,-0.0541636198759079,-0.251775175333023,0.0677990540862083,-0.164865031838417,-0.0953890532255172,0.0887357145547866,-0.0258522592484951,0.0951234996318817,0.39742311835289,0.7878397405147552,0.059904471039772,0.5414862036705017,0.0,0.0,0.0,0.4762601554393768,-0.7752636969089508,0.0848693922162056,0.4806447029113769,0.0,0.0,0.0,1.0,1.0
-1.6824368633653386,-0.0716368742181036,0.7731432318687439,0.04956667745924932,0.0068781054691219885,0.9965012372616765,-0.06694117034198285,0.1279001832008361,-0.0227772537618875,0.1868964284658432,0.0571095459163188,-0.1288724094629287,0.0616568587720394,0.1462436914443969,-0.0557324141263961,-0.2520527839660644,0.0678398758172988,-0.16473288834095,-0.0955191031098365,0.0868069007992744,-0.0260990839451551,0.0944038033485412,0.3928038775920868,0.7629092335700989,0.0499058216810226,0.5358055830001831,0.0,0.0,0.0,0.4799551367759704,-0.7698039412498474,0.0856527835130691,0.481950044631958,0.0,0.0,0.0,1.0,1.0
-1.6825027780865127,-0.07175498391661274,0.77309250831604,0.050353207506890346,0.007029851551723835,0.9965327037153662,-0.06586126408345885,0.1301856935024261,-0.0234340950846672,0.1863952428102493,0.0574610829353332,-0.1282928138971328,0.0614445880055427,0.1473727226257324,-0.0564884655177593,-0.2523925900459289,0.0678487569093704,-0.1643946766853332,-0.0954723134636878,0.0859311893582344,-0.0268873311579227,0.0935407504439354,0.3873710632324218,0.7383297085762024,0.0389407016336917,0.5308051109313965,0.0,0.0,0.0,0.4784027338027954,-0.7660233974456787,0.0859628170728683,0.4799449443817138,0.0,0.0,0.0,1.0,1.0
-1.6828188459492692,-0.07192279335170225,0.7729887366294861,0.05128615053568946,0.006486958108803975,0.9965873370698017,-0.06435316410128362,0.1323648691177368,-0.0239682160317897,0.1866912543773651,0.0581142455339431,-0.1291778981685638,0.0613205693662166,0.1487380564212799,-0.0568669624626636,-0.2521484196186065,0.0683597698807716,-0.1645577996969223,-0.0952516123652458,0.0853438600897789,-0.0279210712760686,0.0924297422170639,0.3810175061225891,0.7167414426803589,0.029164271429181,0.525386393070221,0.0,0.0,0.0,0.4722783863544464,-0.7648341655731201,0.0849031433463096,0.4755308330059051,0.0,0.0,0.0,1.0,1.0
-1.6827165322072395,-0.07184183621567555,0.772957146167755,0.05177872905108481,0.006174869909707005,0.9966964624770666,-0.06226552726151275,0.133195698261261,-0.0237552653998136,0.1866283863782882,0.0578065328299999,-0.1287714689970016,0.0612157247960567,0.149582028388977,-0.0561548992991447,-0.2518854439258575,0.0693717002868652,-0.1641248911619186,-0.0949248597025871,0.0846919193863868,-0.0285570248961448,0.09114720672369,0.3733682334423064,0.7005871683359146,0.0209779888391494,0.5189546942710876,0.0,0.0,0.0,0.462218165397644,-0.7646229863166809,0.0834408476948738,0.4690980315208435,0.0,0.0,0.0,1.0,1.0
-1.6825230634560044,-0.07157473105704629,0.7729490399360656,0.052168052640333355,0.006353718749685837,0.9968524377281599,-0.05935774538500014,0.1339656114578247,-0.0223394464701414,0.1857753992080688,0.0570648051798343,-0.1285243034362792,0.0608607642352581,0.1489472985267639,-0.0546051934361457,-0.2517173290252685,0.0698659792542457,-0.1637993901968002,-0.0949940010905265,0.0842984989285469,-0.0280501283705234,0.0899503454566001,0.3648619055747986,0.6928875893354416,0.0153798544779419,0.5123030543327332,0.0,0.0,0.0,0.4497813582420348,-0.7655730545520782,0.0825831666588783,0.4613300561904907,0.0,0.0,0.0,1.0,1.0
-1.6829120475010393,-0.07119810544664291,0.7727860808372498,0.051986958229058126,0.0055306968888157865,0.9970441308338711,-0.056300699247386815,0.134857565164566,-0.0217493120580911,0.1861541420221328,0.0576032660901546,-0.128463789820671,0.0610800571739673,0.1481291949748993,-0.0536393895745277,-0.2507748305797577,0.0693035200238227,-0.1631808131933212,-0.093961201608181,0.0834253206849098,-0.0277383830398321,0.0885679498314857,0.356694221496582,0.6930264085531235,0.0141772972419857,0.5064924359321594,0.0,0.0,0.0,0.4369882941246032,-0.767745167016983,0.0819952338933944,0.4534068703651428,0.0,0.0,0.0,1.0,1.0
-1.6827888177648733,-0.07082152621310062,0.7728345990180969,0.05155003599598671,0.005107289515739172,0.9972510600545063,-0.05297954891067532,0.1332547813653946,-0.0211117006838321,0.1864629685878753,0.0571166276931762,-0.1288328319787979,0.0612248741090297,0.1464198678731918,-0.0524506606161594,-0.2502170503139496,0.0686499401926994,-0.1625735163688659,-0.093383640050888,0.0825979858636856,-0.0263751447200775,0.0876845940947532,0.3492542207241058,0.6984832882881165,0.0162776764482259,0.5020536184310913,0.0,0.0,0.0,0.4237541556358337,-0.7696484327316284,0.079138159751892,0.4459064602851867,0.0,0.0,0.0,1.0,1.0
-1.6827030814693493,-0.07046389777338996,0.7729420065879821,0.05125365368878521,0.005502410532908135,0.9974228084480611,-0.04990518659878916,0.1316258460283279,-0.0195363722741603,0.18635293841362,0.0558399632573127,-0.1292134821414947,0.0614185892045497,0.1454338580369949,-0.0503018125891685,-0.2499375939369201,0.0689656659960746,-0.1615772247314453,-0.0930102542042732,0.0813101902604103,-0.0239907335489988,0.0873722434043884,0.343020349740982,0.7069825530052185,0.0204752888530492,0.4997178912162781,0.0,0.0,0.0,0.4114579260349273,-0.7699903547763824,0.0782291069626808,0.4396369755268097,0.0,0.0,0.0,1.0,1.0
-1.6828936434218222,-0.06986526612576274,0.7729131579399109,0.05093241284095568,0.005201821641013781,0.9975576778592927,-0.04751325833690257,0.1314737051725387,-0.0178723987191915,0.1866468787193298,0.0553515926003456,-0.1291225403547286,0.0615237690508365,0.1448337584733963,-0.0486107096076011,-0.249022826552391,0.069167248904705,-0.1613279581069946,-0.0924004390835762,0.0793179422616958,-0.022738242521882,0.0875401347875595,0.3380705714225769,0.7163514792919159,0.0254249423742294,0.5000633597373962,0.0,0.0,0.0,0.4011561572551727,-0.7701406180858612,0.0772526562213897,0.4354119896888733,0.0,0.0,0.0,1.0,1.0
-1.6831971110647952,-0.0692982582734221,0.7728736996650696,0.050247841810814334,0.004986564384383757,0.997669844615186,-0.04588212848709589,0.1318095177412033,-0.0167424734681844,0.1868316531181335,0.0556106828153133,-0.129093661904335,0.0616041123867034,0.1434967815876007,-0.0475724264979362,-0.2482586801052093,0.0685552805662155,-0.160664677619934,-0.0919117555022239,0.0771842673420906,-0.0218422692269086,0.0879446342587471,0.3340022265911102,0.7254859209060669,0.0307593140751123,0.502346932888031,0.0,0.0,0.0,0.392888605594635,-0.7703856527805328,0.0758793801069259,0.4332293272018432,0.0,0.0,0.0,1.0,1.0
-1.6826046502421554,-0.06982758911962215,0.773119866847992,0.04954446518353032,0.005210891193555205,0.9977320994091824,-0.04526422860485202,0.13042052090168,-0.0168855674564838,0.187484934926033,0.0554036386311054,-0.1292320191860198,0.0628705248236656,0.1414037048816681,-0.0481516346335411,-0.2472637444734573,0.0677117332816124,-0.1601099520921707,-0.0910407528281211,0.0746620073914527,-0.020780486986041,0.0886251404881477,0.3305043578147888,0.733950287103653,0.0356719121336936,0.5052119493484497,0.0,0.0,0.0,0.3865000009536743,-0.7717633843421936,0.0738533735275268,0.4325973689556122,0.0,0.0,0.0,1.0,1.0
-1.6826519635845856,-0.06918523666248937,0.7732009291648864,0.04893565824049115,0.0049445865913836946,0.9977960638144446,-0.044540626987178006,0.1293453723192214,-0.0163959562778472,0.187711551785469,0.05518464371562,-0.1292594373226165,0.0626440346240997,0.1393462866544723,-0.0477751120924949,-0.246625155210495,0.0674683004617691,-0.1592409610748291,-0.0911329686641693,0.0724978744983673,-0.0204754993319511,0.0899346321821212,0.3279327750205993,0.7414953112602234,0.0401308834552764,0.5079759955406189,0.0,0.0,0.0,0.3821348845958709,-0.7730947434902191,0.0713935121893882,0.4332800805568695,0.0,0.0,0.0,1.0,1.0
-1.682515502060402,-0.06885842566341223,0.7732176184654236,0.04851704874213285,0.004705937054183304,0.9978591045394852,-0.04360226628803189,0.1283429563045501,-0.015705956146121,0.188179925084114,0.0548995062708854,-0.1292839348316192,0.0619397200644016,0.1379399746656417,-0.0469408221542835,-0.2462294399738311,0.0678394809365272,-0.1592723280191421,-0.0908966660499572,0.0708960592746734,-0.0198393464088439,0.0915105864405632,0.3261801898479461,0.7474194020032883,0.0440257415175437,0.5103638172149658,0.0,0.0,0.0,0.3801002502441406,-0.7738263010978699,0.0691543966531753,0.4348643124103546,0.0,0.0,0.0,1.0,1.0
-1.6825871522538087,-0.0685427797330488,0.7731587290763855,0.048181744649003516,0.004684572345815766,0.9979037703047304,-0.04294926630477902,0.1272682100534439,-0.0153520386666059,0.1883471310138702,0.0545089729130268,-0.1293246001005172,0.0620128624141216,0.1368266344070434,-0.0463958270847797,-0.2459160834550857,0.0680108964443206,-0.158882513642311,-0.0907126888632774,0.0694086179137229,-0.018816091120243,0.0927940234541893,0.3253341615200043,0.7508373558521271,0.0463550090789794,0.5120835900306702,0.0,0.0,0.0,0.3801506161689758,-0.7742270529270172,0.0672016814351081,0.4368654787540436,0.0,0.0,0.0,1.0,1.0
-1.682358263472724,-0.06841883990839137,0.7730650305747986,0.04802377922455901,0.004613681132772058,0.9979184058722704,-0.042793525173120434,0.1252369731664657,-0.0155061911791563,0.1886724680662155,0.0536638237535953,-0.1299055963754654,0.0620330795645713,0.1359014958143234,-0.0465551577508449,-0.2458409965038299,0.0678013563156127,-0.158375933766365,-0.0906145125627517,0.0676723420619964,-0.0176790039986372,0.0943443477153778,0.3248238265514374,0.7522522211074829,0.0471580326557159,0.5124922394752502,0.0,0.0,0.0,0.3814797699451446,-0.7742177546024323,0.0667236074805259,0.4387462139129638,0.0,0.0,0.0,1.0,1.0
